strategie,n-patrouille,idle_moyen_final,idle_ecart_type_final,n_runs
cognitif,1,0.63389,,1
cognitif,2,0.9974712500000004,,1
cognitif,4,1.54725,,1
cognitif,8,2.403615,,1
cognitif,16,3.62187,,1
cognitif,32,5.90981,,1
cognitif,64,8.83732,,1
do nothing,1,10.0,,1
do nothing,2,20.0,,1
do nothing,4,40.0,,1
do nothing,8,80.0,,1
do nothing,16,160.0,,1
do nothing,32,320.0,,1
do nothing,64,640.0,,1
max-idle,1,0.8075346874999999,,1
max-idle,2,0.808576875,,1
max-idle,4,0.81147875,,1
max-idle,8,0.759895,,1
max-idle,16,0.71096,,1
max-idle,32,0.7338699999999999,,1
max-idle,64,1.1315800000000005,,1
random,1,3.1752156250000003,,1
random,2,3.4804906250000003,,1
random,4,3.79695,,1
random,8,3.8676275,,1
random,16,3.36705,,1
random,32,2.98197,,1
random,64,2.83392,,1
